标题,Tmdb id,类型,儿童,
我是你的瓷儿.China.of.Chinese.S01.2022.2160p.WEB-DL.1Audio.AAC.H265-KIMOJI,211582,,,
生活如沸.Hot.Pot.Life.S01.2019.1080i.WEB-DL.1Audio.AAC.H265-KIMOJI,97657,,,
超凡动物奇观.Super.Natural.S01.2022.1080p.WEB-DL.2Audio.AAC.H264-KIMOJI,157202,2,0,2022
档案.档案.S01.2009.480p.WEB-DL.1Audio.AAC.H265-KIMOJI,201401,2,0,2009
来者何人.Knock.Who.S01.2020.1080i.WEB-DL.1Audio.AAC.H265-KIMOJI,112691,2,0,2020
荒野求生.Man.vs..Wild.S01.2006.2160p.WEB-DL.1Audio.AAC.H265-KIMOJI,4709,2,0,2006
荒野求生.Man.vs..Wild.S04.2009.2160p.WEB-DL.1Audio.AAC.H265-KIMOJI,4709,2,0,2009
工程大麻烦.When.Big.Things.Go.Wrong.S01.2021.2160p.WEB-DL.1Audio.AAC.H265-KIMOJI,136292,2,0,2021
体内的怪物.Monsters.Inside.Me.S08.2017.2160p.WEB-DL.AAC.H265-KIMOJI,21665,2,0,2017
历史那些事.History.Things.S02.2019.1080i.WEB-DL.AAC.H265-KIMOJI,84800,2,0,2019
荒野求生.Man.vs..Wild.S02.2007.1080i.WEB-DL.AAC.H265-KIMOJI,4709,2,0,2007
小城夜食记.Night.Food.in.Town.S01.2019.480p.WEB-DL.AAC.H265-KIMOJI,130455,2,0,2019
无厘头科学研究所.Science.of.Stupid.S06.2018.1080i.WEB-DL.AAC.H265-KIMOJI,64905,2,0,2018
